isim,enlem,boylam,osm_id
Selda Yıldırım Eczanesi,39.885072,32.8527241,60580785
Artı Eczanesi,39.9185428,32.8277086,60582738
Başak Eczanesi,39.916786,32.8201445,62673837
Köşk Eczanesi,39.8852761,32.8509786,62674136
Özsoy Eczanesi,39.8833984,32.8849855,62674280
Emre Eczanesi,39.8780939,32.8595785,62674288
Fırat Ezcanesi,39.9056555,32.860797,75308671
Çankaya Sağlık Eczanesi,39.9048699,32.8636913,75319371
Bilinmeyen Pharmacy,39.8944023,32.8565366,75343349
Rezzan Eczanesi صيدليه,39.8918175,32.8717066,75343399
Bilinmeyen Pharmacy,39.875454,32.8615561,75343501
Levent Eczanesi,39.8703342,32.8623987,75343528
Venüs,39.8973185,32.8799691,83513982
Köroğlu Eczanesi,39.8953425,32.8782776,83522258
Türközü,39.9103966,32.8788556,83537339
Reyhan,39.9219296,32.870846,83537342
Günal Eczanesi,39.9140679,32.8694116,83537480
Bilir,39.906446,32.8663637,83537481
Yenianıl,39.9059805,32.8663218,83537482
Altan,39.9061719,32.8670242,83537484
Ülkü'nün Eczanesi,39.9052569,32.8643494,83537486
Tunalı Yaşam Eczanesi,39.906305,32.8607734,93807644
Eczane Fikret,39.9044911,32.8605889,93807658
Park Eczanesi,39.9027245,32.860258,93807714
Mataracı Eczanesi,39.8962962,32.7044112,112648465
Nazar Eczanesi,39.9069742,32.871915,112781545
Ergün Eczanesi,39.8843712,32.8763434,143878531
Beyza Eczanesi,39.8745478,32.8657543,143928548
Soysal Eczanesi,39.8837924,32.856634,164637895
Derya Eczanesi,39.9097985,32.8595336,247208518
Eczane Selen,39.9088141,32.8599609,247208523
Bulvar Eczanesi,39.9003331,32.8598049,247208750
Eczane Orkide,39.8939162,32.8564968,247208786
Eczane Atabek,39.8937316,32.8571545,247208787
Eti,39.9169821,32.8269055,309677175
Eczane Yaşam,39.8864959,32.8475947,310402867
Güzelkent Eczanesi,39.8873954,32.8473041,403060075
İlk Umut Eczanesi,39.9781675,32.7084657,442691649
Bayrak Eczanesi,39.8532679,32.8489702,447991879
Özge Eczanesi,39.8924906,32.7885046,501705595
Sevim Ünal Eczanesi,39.9023004,32.8532033,529107610
İpeğim Eczanesi,39.9029261,32.852709,529107619
Ortadoğu Eczanesi,39.8921058,32.7878662,720717538
Cengiz Eczanesi,39.9662501,32.7031633,721013804
Girayhan Eczanesi,39.9642849,32.7034196,721013813
Pera Eczanesi,39.8959487,32.8787596,814921357
Lotus Eczanesi,39.8909315,32.8748882,828617438
Cepa Eczanesi,39.910751,32.7787853,856864813
Naz Eczanesi,39.9026406,32.8616042,940494170
Mavi Eczane,39.935125,32.882628,961281779
Burak Medikal,39.9349875,32.8828041,961281824
Yeni Guney Eczanesi,39.93495,32.8826218,961282002
Selim Eczanesi,39.962141,32.8879303,1198272192
Dostluk Eczanesi,39.9340137,32.8957224,1199371110
Miray Eczanesi,39.8869415,32.8333531,1655356041
Anemon Eczanesi,39.9127634,32.7601063,1747933490
Ayşenur Eczanesi,39.9003792,32.8026711,1854453612
Perihan Eczanesi,39.9641042,32.8109799,1863718198
Ömür Eczanesi,39.8681627,32.7491716,2052458520
Ercan Eczanesi,39.8951683,32.8558852,2188606552
Bilkent Eczanesi,39.8815403,32.7597676,2228429985
Berna Mataracı Eczanesi,39.874175,32.6884334,2316834457
Perol Eczanesi,39.9011331,32.8758548,2338768846
Ulusu Eczanesi,39.9362551,32.8984203,2345219397
Atalay Eczanesi,39.9797691,32.8350032,2402820849
Eczane Kozanoğlu,39.9793589,32.8367868,2402820852
Ebrar Eczanesi,39.9788735,32.8371476,2402820853
Şimşek Eczanesi,39.9050157,32.8538357,3152117151
Yeni Etimesgut Eczanesi,39.9460739,32.6677533,3713464496
Sayar Eczanesi,39.9461513,32.6673562,3713464505
Tarçın Eczanesi,39.9462387,32.6668139,3713464511
İdil Eczanesi,39.9462056,32.6670049,3713464512
Mutlu Eczanesi,39.946345,32.6658402,3713469069
İşmen Eczanesi,39.9459729,32.6649741,3713469083
Özipek Eczanesi,39.9925446,32.8013937,3889748631
Öz Melek Eczanesi,39.9909052,32.8242683,3889757320
Yiğitler Eczanesi,39.9909281,32.8245153,3889757321
Berra Eczanesi,39.9914982,32.8243487,3889758393
Şengün Eczanesi,39.9942743,32.8100942,3890719107
Pelay Eczanesi,39.9944074,32.8098948,3890730605
Başer Ecza Deposu,39.949764,32.896263,3894117039
Buğra Eczanesi,39.9560932,32.8536247,3932956783
Gökçen Eczanesi,39.9939014,32.8138973,4049174488
Oran Bayram Eczanesi,39.8530508,32.849946,4062544415
Talip Eczanesi,39.9704177,32.7804533,4072911743
Şifa Pınarı Eczanesi,39.970387,32.7805426,4072911744
Bulut Eczanesi,39.970367,32.7806181,4072911745
Bilge Şen Eczanesi,39.9695248,32.7831893,4072912904
Birinci Eczanesi,39.9694219,32.7835277,4072912918
Özkaya Eczanesi,39.969946,32.7868606,4072933524
Yeni Bilim Eczanesi,39.970077,32.7857182,4072933547
Yeni İnci Eczanesi,39.9735723,32.788388,4072933796
Kaşıkçı Eczanesi,39.977144,32.8042858,4072965384
Orkun Eczanesi,39.9740872,32.8104816,4072966309
Bostancı Eczanesi,39.9751904,32.8160054,4072966319
Semt Eczanesi,39.9749827,32.8160609,4072966325
Arslan Eczanesi,39.980045,32.8229405,4073048804
İrem Eczanesi,39.9806515,32.8225856,4073048806
Taylan Eczanesi,39.9829444,32.8203911,4073048817
Yeni Seval Eczanesi,39.9835861,32.8177668,4073048856
Ayvalı Eczanesi,39.9837321,32.8164449,4073049909
Baykoç Eczanesi,39.9705593,32.8347964,4074637703
İhtisas Eczanesi,39.971029,32.8334972,4074637752
Yeni Filiz Eczanesi,39.970761,32.8352202,4074637771
Haboğlu Eczanesi,39.9711009,32.8356602,4074637773
Yeni Handan Eczanesi,39.9764882,32.8267253,4074727573
Ümit Eczanesi,39.9912445,32.8245085,4074824173
Neşem Eczanesi,40.0038747,32.8571145,4075147926
Nurs Eczanesi,40.0037756,32.8570221,4075147928
Divan Park Eczanesi,40.0040785,32.8575804,4075147929
Alptekin Eczanesi,40.0037742,32.8569456,4075147985
Başaksu Eczanesi,40.0037798,32.8568721,4075147994
Yaşar Eczanesi,40.0038602,32.8561225,4075148010
Ahi Eczanesi,40.0040056,32.8561215,4075148024
Erbil Eczanesi,40.0070103,32.855337,4075161288
Yeni Yeşim Eczanesi,40.0072986,32.8609645,4075273784
Akoğlu Eğin Eczanesi,40.0073036,32.8612968,4075273787
Alpnur Eczanesi,39.999639,32.8580498,4076249173
Güler Eczanesi,39.9995621,32.8571975,4076249191
Oya Eczanesi,39.9994959,32.8568379,4076249192
Sanatoryum Eczanesi,39.9990902,32.8566748,4076249200
Kardelen Eczanesi,39.9989933,32.8566768,4076249201
Yeni Asya Eczanesi,40.0004969,32.8632067,4076349309
Şeyma Eczanesi,39.9916472,32.859893,4076436751
Demetkent Ersan Eczanesi,39.9704228,32.799135,4076810388
Yeni İstanbul Eczanesi,39.9994573,32.8682748,4077691025
Yeni Öner Eczanesi,39.9997954,32.870046,4077691078
Kaynak Eczanesi,40.000019,32.8712065,4077691080
Özdoğan Eczanesi,40.0023226,32.8730938,4077713485
Peri Eczanesi,40.0024729,32.8731709,4077713493
Sarıkatipoğlu Eczanesi,40.0026035,32.8735328,4077713498
Yeni Ankara Eczanesi,39.9936756,32.8734834,4078116509
Yeni Mine Eczanesi,39.9932194,32.8734635,4078116574
Işılım Eczanesi,39.9942226,32.8738609,4078116575
Selcen Eczanesi,39.9942226,32.8739626,4078116576
Büyük Başkent Eczanesi,39.994225,32.8740766,4078116577
Gülümse Eczanesi,39.99397,32.8739811,4078116578
Dostlar Eczanesi,39.9933988,32.8744186,4078116614
Gülhan Eczanesi,39.9938114,32.8641804,4078238577
Orçan Eczanesi,39.9906863,32.8722277,4078238706
Kuyubaşı Eczanesi,39.9909951,32.874876,4078289216
Şifa Eczanesi,39.9860998,32.8811952,4078311962
Cansu Eczanesi,39.9846088,32.8806748,4078312243
Ünal Eczanesi,40.0022657,32.8653056,4079998718
Yunuscan Eczanesi,40.0033563,32.8711296,4081123872
Martı Eczanesi,40.0039543,32.8718,4081123881
Şenbabacan Eczanesi,40.0040342,32.8719656,4081123882
Uğurhan Eczanesi,40.0132345,32.8697843,4081667234
Seher - Naz Eczanesi,40.013481,32.8696261,4081699643
Yeni Poyraz Eczanesi,40.0093645,32.8744774,4081700123
Armağan Eczanesi,40.0091284,32.8743583,4081700124
Aktepe Eczanesi,40.0003621,32.8786758,4081700178
Danişment Eczanesi,39.9835733,32.8544918,4082371626
Menekşe Eczanesi,39.9839118,32.8540631,4082371627
Oltulu Eczanesi,39.9840639,32.8540872,4082371629
Şahinler Eczanesi,39.9845122,32.8566055,4082371640
Aydın Eczanesi,39.9791769,32.8471302,4082371641
Bahar Eczanesi,39.9722019,32.8397114,4082371643
Yetişir Eczanesi,39.9711615,32.8340609,4082380111
Yeni Cengiz Eczanesi,39.9737927,32.8290372,4082380112
Ersan Eczanesi,39.9741752,32.827244,4082380114
Sıla Eczanesi,40.0173872,32.8579731,4082565280
Osmangazi Eczanesi,40.0157954,32.8607231,4082565285
Deniz Kaya Eczanesi,40.015744,32.8611147,4082566290
Ufuktepe Eczanesi,40.0132549,32.857493,4082566301
Tanyeri Eczanesi,40.0140525,32.8567752,4082566302
Seval Denlikol Eczanesi,40.0121105,32.8525415,4082566308
Anıl Eczanesi,40.0124598,32.852263,4082566309
Kanuni Eczanesi,40.0262732,32.859948,4082683069
Ekmel Eczanesi,40.0263995,32.860538,4082683074
Ovacık Yeni Hayat Eczanesi,40.0086198,32.8322008,4082683112
Ayyıldız Eczanesi,40.0266431,32.8884483,4082742793
Uzman Eczanesi,40.0267976,32.8885332,4082742794
Yakamoz Eczanesi,40.0268829,32.8885828,4082742795
Pursaklar Fatih Eczanesi,40.0415684,32.9081055,4082892721
Badıllı Eczanesi,40.0429464,32.8988521,4082913765
Pursaklar Şifa Eczanesi,40.0428141,32.8992829,4082913778
Yüksel Eczanesi,40.0427002,32.8991928,4082913779
Emir Eczanesi,40.0430688,32.9004372,4082968002
Nur Seda Eczanesi,40.0429517,32.9067893,4082990968
Nil Eczanesi,39.9935115,32.8323844,4084478408
İdeal Yaşam Eczanesi,39.9939524,32.8332477,4084478423
Berrak Sağlık Eczanesi,39.9911452,32.8324399,4084555699
Esertepe Eczanesi,39.9919528,32.8326062,4084555704
Başak Filiz Eczanesi,39.9881556,32.8186928,4084555714
İlkbahar Eczanesi,39.9869077,32.819572,4084555723
Saadet Eczanesi,39.9816429,32.8299413,4084557729
Yeni Özer Eczanesi,39.9829299,32.8568626,4084610794
Hilal Eczanesi,39.98253,32.8580121,4084610795
Dalgıç Eczanesi,39.9822443,32.8591509,4084610820
Gökkaya Eczanesi,39.9790459,32.8590876,4084613793
Yeni Ozan Eczanesi,39.9695982,32.8564855,4084863430
Hasret Eczanesi,39.9705211,32.8533256,4084863435
Esmertaş Eczanesi,39.9706384,32.875638,4084863457
Ersin Eczanesi,39.9717036,32.8849514,4084863503
Hasköy Şule Eczanesi,39.9716422,32.8849945,4084863504
Güneşevler Eczanesi,39.9715808,32.8850561,4084863505
Fırat Hasköy Eczanesi,39.971347,32.8852564,4084863506
Talanur Eczanesi,39.9712303,32.8853841,4084872797
Balık Eczanesi,39.97115,32.8855566,4084872799
Enes Eczanesi,39.9974387,32.8451487,4084938757
Kağan Gökay Eczanesi,39.997962,32.844867,4084938778
Akarsu Eczanesi,39.9971489,32.8468089,4084939403
Dört Mevsim Eczanesi,39.9965716,32.8463188,4084939437
Kuşcağız Eczanesi,39.9967523,32.8431119,4085035451
Yeni Barış Eczanesi,39.9826759,32.8385687,4085039208
Yeni Deva Eczanesi,39.9835596,32.8339688,4085039210
Özlem Eczanesi,39.9802069,32.8368903,4085039212
Özvural Eczanesi,39.9774233,32.8366418,4085039213
Erdem Eczanesi,39.9997554,32.8533488,4085983593
Gazeller Eczanesi,39.9997902,32.853215,4085983602
Şentepe Eczanesi,39.986776,32.7858023,4086022371
Gülreyhan Eczanesi,39.9867075,32.7861536,4086022380
Yeni Esin Eczanesi,39.9822113,32.7900143,4086022801
Elvan Tuğba Eczanesi,39.9817432,32.7892741,4086022812
Gülistan Eczanesi,39.9728077,32.790218,4086022835
Akar Eczanesi,39.9730618,32.7904655,4086022840
Edanur Eczanesi,39.9731656,32.7905613,4086022845
Şark Eczanesi,39.9740165,32.7920388,4086022851
Yeşil Doğa Eczanesi,39.9643565,32.7458698,4086079830
Yeni Ömür Eczanesi,39.9673239,32.7461212,4086079840
İlke Eczanesi,39.9686213,32.7463181,4086079849
Ostim Meydan Eczanesi,39.9713725,32.7471645,4086122149
Koç Ekim Eczanesi,39.9657277,32.7310383,4086144363
Balım Eczanesi,39.9884812,32.6922686,4086144675
Ihlamur Eczanesi,39.98793,32.6942917,4086165710
Çakırlar Hayat Eczanesi,39.9939782,32.7006974,4086165803
Yiğitin Eczanesi,39.9848734,32.7600493,4086312092
Yeni Şahin Eczanesi,39.9837526,32.7632946,4086312112
Yahyalar Eczanesi,39.9816341,32.7777701,4086312127
Beril Eczanesi,39.9869291,32.8169799,4086312158
Yeni Zeynep Eczanesi,39.9879972,32.8180227,4086352245
Doğantepe Şifa Eczanesi,39.9787766,32.9225839,4086352251
Yeni Ersoy Eczanesi,39.9754976,32.9176869,4086352252
Yunus Emre Eczanesi,39.9663238,32.9114023,4086352263
Kızılcahamam Eczanesi,39.9657219,32.9112432,4086352268
Sedef Eczanesi,39.9665713,32.9118707,4086352282
Nur İkram Eczanesi,39.9573529,32.8955465,4086354191
Gürpınar Eczanesi,39.9574222,32.8953142,4086354192
Adıbelli Eczanesi,39.9577685,32.8943268,4086354193
Taşpınar Eczanesi,39.9349461,32.8861417,4086361312
Başkent Nur Eczanesi,39.9350289,32.8863234,4086361313
Barış Şahin Eczanesi,39.9350086,32.8866,4086361318
Irmak Eczanesi,39.9315556,32.8767077,4086439815
Mersin Eczanesi,39.9310411,32.8756696,4086439830
Belen Eczanesi,39.9297154,32.8705302,4086542957
Serdar Eczanesi,39.9299647,32.8692216,4086543420
Mamak Çarşı Eczanesi,39.9330927,32.9086359,4087586404
Çöllü Eczanesi,39.9329294,32.9092458,4087586409
Mamak Tuna Eczanesi,39.9347191,32.9086873,4087586416
Cemhan Eczanesi,39.9350099,32.8846841,4087595629
Öz Işık Eczanesi,39.9350099,32.8847768,4087595630
Bengi Eczanesi,39.9349788,32.8848544,4087595631
Akarken Eczanesi,39.9349884,32.8849116,4087595632
Selçuk Eczanesi,39.9349776,32.8849734,4087595633
Korhan Eczanesi,39.9349323,32.885465,4087595634
Karahan Eczanesi,39.9350982,32.8839088,4087595639
Angora Eczanesi,39.9354043,32.8824937,4087643154
Batı Eczanesi,39.9717494,32.6947984,4087946797
Yeni Ertürk Eczanesi,39.9719194,32.6948474,4087972511
Cengizhan Eczanesi,39.8998709,32.920174,4089438540
Natoyolu Eczanesi,39.9003079,32.9200946,4089438546
Güldeva Eczanesi,39.9003635,32.9201834,4089438547
Ege Şifa Eczanesi,39.9002936,32.9199522,4089438548
Özdamar Eczanesi,39.9114866,32.9186334,4089499055
Can Ata Eczanesi,39.9122102,32.9169297,4089499060
Barkın Eczanesi,39.9196617,32.9082352,4089547060
Yaseminin Eczanesi,39.9192031,32.9078665,4089547216
Zeki Eczanesi,39.9200052,32.905976,4089547245
Ezgi Gülpınar Eczanesi,39.9220902,32.905253,4089565244
Ebrucan Eczanesi,39.9222532,32.9051467,4089565249
Kayalar Eczanesi,39.9223933,32.904256,4089565288
Öznur Koçak Eczanesi,39.9225001,32.9041378,4089565294
Göksen Eczanesi,39.9285429,32.9110675,4089736764
Yeni Baysal Eczanesi,39.9288638,32.9112472,4089736770
Mamak Çağlayan Eczanesi,39.9310162,32.9098299,4089839533
Bani Eczanesi,39.9964331,32.8654411,4095048996
Ahyar Eczanesi,39.996497,32.8542741,4102219925
Refik Saydam Eczanesi,39.984737,32.8464587,4102331469
Özgenaz Eczanesi,39.8702881,32.6650694,4104390046
Umur Eczanesi,39.8703854,32.6647813,4104390051
Yaşamkent Eczanesi,39.8704232,32.6644546,4104390053
Sevgi Güler Eczanesi,40.0023953,32.852165,4118698112
Koza Eczanesi,39.9839166,32.889165,4118698287
Aktepe Merkez Eczanesi,40.0012056,32.8814706,4120684845
Erdemli Eczanesi,39.9996862,32.8848491,4120684874
Karaşahin Eczanesi,39.9763339,32.8746736,4123071010
Müjdem Eczanesi,40.0038718,32.8806746,4137992098
Has Eczanesi,40.0038847,32.8803741,4137992115
Aktepe Yılmaz Eczanesi,40.0037196,32.8802806,4137992125
Yeni Hamiyet Eczanesi,39.9931032,32.883277,4138406802
Gençler Eczanesi,39.9773566,32.8567991,4140191867
Esentepe Eczanesi,39.9700842,32.9420251,4143269923
Ayşegül Eczanesi,39.9692884,32.9418495,4143269937
Kevser Eczanesi,39.9786647,32.8838398,4149252996
Altın Eczanesi,39.9942063,32.8827325,4150472410
Çeşme Eczanesi,39.9939083,32.8827511,4150472431
Yeşiltepe Eczanesi,39.9915256,32.8912094,4150510502
Haneli Eczanesi,39.9767568,32.8649349,4152614843
Serhat Eczanesi,39.9765368,32.8655326,4152614864
Akyıldız Eczanesi,39.9693769,32.8607925,4152710174
Kavacık Eczanesi,39.968008,32.8741358,4153331646
Atasun Eczanesi,39.9929111,32.8940034,4155427137
Canın Eczanesi,39.9930787,32.8936398,4155427147
Mumcular Eczanesi,39.9798522,32.8731876,4155679365
Ender Eczanesi,39.982867,32.8754073,4169203016
Ayşe Özgür Eczanesi,39.9692964,32.8712077,4176161062
Eren Eczanesi,39.9623632,32.8721199,4177746564
Arısu Eczanesi,39.9616073,32.8736983,4177835116
Öyküm Eczanesi,39.9615232,32.8734178,4177835122
Bizim Ilgan Eczanesi,39.9615917,32.8732288,4177835123
Erhan Eczanesi,40.0043805,32.8448682,4180762249
Bölen Eczanesi,40.0044345,32.844259,4180762264
Akbaş Eczanesi,40.0038098,32.8436071,4180762279
Gelincik Eczanesi,40.0032338,32.8422037,4180762285
Atapark Sağlık Eczanesi,40.0041595,32.8427431,4180762719
Başpınar Eczanesi,39.9799355,32.9330948,4202092056
Çevikler Eczanesi,39.9797089,32.9331771,4202092057
Asiye Eczanesi,39.9796696,32.9332977,4202092058
Karadağ Eczanesi,39.9795819,32.9330948,4202092060
Hüseyin Gazi Eczanesi,39.9610111,32.9359972,4206395906
Gülay Eczanesi,39.9642231,32.9218388,4206554819
Akalın Eczanesi,39.9647201,32.9221092,4206554826
Çamlık Eczanesi,39.9644848,32.9223694,4206554831
Serkanın Eczanesi,39.9645471,32.9224771,4206554832
Ilgaz Eczanesi,39.9730656,32.8998802,4214889332
Yeni Öztürk Eczanesi,39.9729919,32.8968283,4214889379
Doğruel Eczanesi,39.9654527,32.9020844,4216847772
Yeni Divan Eczanesi,39.9683435,32.9042802,4216902774
Fırat Eczanesi,39.9766699,32.8949978,4216903525
Gülpınar Eczanesi,39.9771316,32.8942393,4216903540
Aslıgül Eczanesi,39.9259885,32.8664818,4219006067
Altınay Eczanesi,39.9253786,32.8659721,4219006078
Aytül Eczanesi,39.9254727,32.8660869,4219006079
İncesu Tarman Eczanesi,39.9222827,32.864323,4219022869
Solgar Eczanesi,39.9222045,32.8647655,4219022871
Çise Eczanesi,39.9165292,32.8616752,4219227996
Öz Filiz Eczanesi,39.9620645,32.8779662,4220855781
Sırma Eczanesi,39.9631027,32.8911093,4220910686
Tünca Eczanesi,39.93112,32.9135432,4226636270
Ayşenur Güzel Eczanesi,39.9308893,32.9137891,4226636275
Bilinmeyen Pharmacy,39.9876074,32.8501078,4232347194
Bilinmeyen Pharmacy,39.9878023,32.8507311,4232347391
Uğur Eczanesi,39.9267635,32.8520798,4237566057
Yeni Ümit Eczanesi,39.9269193,32.852478,4237566058
Bayındır Eczanesi,39.92387,32.8561302,4240770636
Karaçay Eczanesi,39.9606351,32.8708238,4240869221
Yalım Eczanesi,39.9947125,32.8282958,4246152306
Dikmen Vadi Eczanesi,39.8790507,32.8418157,4258550790
Eryılmaz Eczanesi,39.9709012,32.8038971,4262143608
Doğakent Eczanesi,39.9018705,32.9368871,4273169052
Umudum Eczanesi,39.9017894,32.9368749,4273169053
Tarık Eczanesi,39.9010694,32.9380441,4273169077
Cansın Eczanesi,39.8968477,32.9356286,4273403884
Bebek Eczanesi,39.9118623,32.9067378,4290718114
İlhan Eczanesi,39.9068271,32.9106317,4290787175
Üzümlü Eczanesi,39.9062657,32.9108146,4290787180
Urankent Şeyma Eczanesi,39.9646908,32.7762128,4291421153
Galen Eczanesi,39.9149744,32.9235905,4292925495
Bersis Eczanesi,39.9146626,32.9237735,4292925502
Gündüzler Eczanesi,39.9121239,32.8908337,4307411291
Mervenin Eczanesi,39.9141319,32.8868204,4308791895
Usta Eczanesi,39.9141036,32.8872701,4308996090
Nazlım Eczanesi,39.9140954,32.8873907,4308996091
Uzun Eczanesi,39.914075,32.8874617,4308996092
İlker Evren Eczanesi,39.9246536,32.9070762,4314184858
Yaşar Eczanesi,39.9223062,32.9139364,4314218471
Pınarlı Eczanesi,39.9226823,32.913899,4314220494
Gülsen Eczanesi,39.9269777,32.8938692,4314366808
Şirin Eczanesi,39.9265046,32.8950104,4314366834
Tan Eczanesi,39.9258954,32.8809651,4324773496
Alpin Eczanesi,39.9266072,32.8882529,4326741075
Kıvançlı Eczanesi,39.9269527,32.8879605,4326741076
Yeni Önder Eczanesi,39.9272427,32.8883494,4326741077
Nar Eczanesi,39.927397,32.8883789,4326741078
Özer Eczanesi,39.9190904,32.8877396,4330533962
Aksoylar Eczanesi,39.9188447,32.8867677,4330534060
Gürsel Eczanesi,39.9222658,32.8856753,4330630467
Fatih Tunçel Eczanesi,39.9237471,32.8854434,4330703342
Dereboyu Eczanesi,39.9177901,32.9000992,4333414643
İskitler Eczanesi,39.9546748,32.8469771,4340773366
Palmiye Eczanesi,39.9548019,32.8468393,4340773367
Fatih Eczanesi,39.944624,32.8938395,4344212619
Piri Eczanesi,39.9383574,32.8885977,4344334889
Karasar Eczanesi,39.9348434,32.8757881,4345781175
Güllüoğlu Eczanesi,39.9352609,32.8758189,4345801181
Sefa Eczanesi,39.9353368,32.8757305,4345801182
Dörtyol Eczanesi,39.9365833,32.8720976,4345801188
Habibe Eczanesi,39.9354401,32.875571,4345801536
Öz Ateş Eczanesi,39.9354862,32.8755094,4345801537
Sema Nur Eczanesi,39.9355902,32.8753276,4345801543
Beyaz Eczanesi,39.9356457,32.8752213,4345801544
Altıparmak Eczanesi,39.9357709,32.8750102,4345801550
ECZANE HİKMET,39.9260516,32.86692,4346888697
Yağcıoğlu Eczanesi,39.9333905,32.8700833,4346890316
Dabak Eczanesi,39.9334227,32.8702748,4346890317
Keskin Eczanesi,39.9332116,32.8699893,4346922287
Doğumevi Eczanesi,39.9335527,32.8685193,4346926202
Anka Eczanesi,39.9259311,32.8473474,4347194427
Baran Eczanesi,39.9492941,32.8762147,4357093189
Yamaç Eczanesi,39.9549296,32.8806203,4357164089
Elif Eczanesi,39.859111,32.8158783,4362378008
Ceylin Eczanesi,39.8599337,32.8160371,4362378029
Kaplan Eczanesi,39.8617659,32.8173785,4362378066
Seymen Eczanesi,39.8653378,32.8192437,4362378094
Güçlü Eczanesi,39.8687119,32.8240631,4362545687
Doruk Eczanesi,39.8681838,32.8231914,4362548293
Şirinler Eczanesi,39.8679039,32.8227823,4362548295
Dikmen Gül Eczanesi,39.8702196,32.8271887,4362548361
Betül Önder Eczanesi,39.8697665,32.8274202,4362548363
Haziran Eczanesi,39.8701545,32.8282284,4362548366
Didem Eczanesi,39.8819231,32.8168664,4362649985
Evren Eczanesi,39.8814649,32.8152271,4362653319
Aşiyan Eczanesi,39.8811995,32.8139608,4362653330
Bilinmeyen Pharmacy,39.8838792,32.8705877,4367782712
Lünet Eczanesi,39.9092446,32.861798,4367864566
Pilül Eczanesi,39.8734228,32.8614527,4374048513
Pala Eczanesi,39.8703799,32.8632258,4374052662
Kübraam Eczanesi,39.8705373,32.8630826,4374052670
Nazlı Eczanesi,39.8715327,32.8629357,4374052711
Melis Eczanesi,39.8714914,32.8666678,4376911893
Bedir Eczanesi,39.9687158,32.8698919,4387501389
Orhan Eczanesi,39.9567219,32.8633383,4387501689
Çankaya Eczanesi,39.8856711,32.8488602,4388765696
Ana Deva Eczanesi,39.8856663,32.8496907,4388786195
Dikmen Esra Eczanesi,39.8745817,32.8328802,4388980095
Aksoy Eczanesi,39.8760425,32.8352212,4389001790
Aydınlar Eczane,39.8757986,32.8349973,4389001792
Sinde Eczanesi,39.8753774,32.8350311,4389001794
Özçınar Eczanesi,39.8759841,32.8343621,4389001797
Mayıs Eczanesi,39.8759338,32.8339453,4389001798
Yeni Sena Eczanesi,39.8755165,32.8351459,4389031691
Hattuşa Güliz Eczanesi,39.8749853,32.8346872,4389069489
Kıvılcım Eczanesi,39.8860848,32.8401264,4389122991
Bankalar Eczanesi,39.8850493,32.8394934,4389137491
Aygün Eczanesi,39.8815856,32.83976,4389137589
Farabi Eczanesi,39.8961109,32.858632,4395950420
Hüner Eczanesi,39.8922625,32.850899,4395955692
Çevre Eczanesi,39.8951831,32.8581971,4395955693
Senem Eczanesi,39.8938719,32.847006,4395990292
Dikmen Merkez Eczanesi,39.8753376,32.8411164,4407688291
Öz Derman Eczanesi,39.8754714,32.8410888,4407694590
Bilgesu Eczanesi,39.8747945,32.8397199,4407694591
Akcan Eczanesi,39.8726693,32.8573798,4411106204
Alper Armağan Eczanesi,39.872454,32.8569857,4411212691
Papatya Eczanesi,39.8724468,32.8568161,4411218389
Simkent Eczanesi,39.8852989,32.8862099,4411443327
Kırkonaklar Neşe Eczanesi,39.88607,32.8872214,4411487605
Gökşen Eczanesi,39.8774314,32.8789689,4412647495
Sinan Eczanesi,39.87882,32.8795824,4412647496
İlkem Eczanesi,39.8786015,32.8754046,4412681393
Buket Yazan Eczanesi,39.8818392,32.8818879,4412751000
Seltuğ Eczanesi,39.9378549,32.8979532,4417328226
Borahan Eczanesi,39.8835358,32.8750519,4417389208
Güldal Eczanesi,39.8838143,32.8750479,4417407600
Meral Eczanesi,39.8837021,32.8755025,4417417395
Zeynep Mine Eczanesi,39.8831116,32.8764497,4417419194
Özlem'in Eczanesi,39.8827905,32.8725058,4417427601
Sevin Eczanesi,39.8517726,32.8429101,4418872893
Elif Eslem Eczanesi,39.9039051,32.8089505,4436250428
Toprak Eczanesi,39.9601206,32.7910589,4444521189
Durum Eczanesi,39.9240795,32.8504635,4444527689
Atahan Eczanesi,39.9242645,32.8258364,4445036503
Uçak Eczanesi,39.9240707,32.8256893,4445038897
Etiler Eczanesi,39.949421,32.6648307,4446024695
Botanik Park Eczanesi,39.9861153,32.6912607,4446097597
Sevde Eczanesi,39.9691283,32.8409618,4446109890
Nane Limon Eczanesi,40.0071549,32.848531,4446109892
Uludağ Eczanesi,39.939635,32.8772512,4446158190
Alaçam Eczanesi,39.9016044,32.8530734,4446188589
Atlas Eczanesi,39.8860308,32.8391004,4446189989
Yunus Eczanesi,39.9251403,32.8593135,4448249491
Şevval Eczanesi,39.9105119,32.8841387,4448304490
Bestekar Eczanesi,39.9125507,32.8571033,4448304491
Akınsoy Eczanesi,39.9802627,32.8329661,4448308290
Kalender Eczanesi,39.9714599,32.873006,4449004589
Samet Eczanesi,39.9318105,32.8758787,4453656694
Bayburt Eczanesi,39.9968818,32.8631759,4453656695
Pınarsu Eczanesi,39.9852754,32.8821659,4453672591
Sever Eczanesi,39.9292459,32.8447008,4453696992
Tuğba Eczanesi,39.8695617,32.8678397,4453714191
Pınar Eczanesi,39.9641733,32.8008374,4453744489
Bilaloğlu Eczanesi,39.9840384,32.8455345,4456458091
Yeni Başkent Eczanesi,39.9405333,32.655521,4458182157
Başarı Eczanesi,39.9412207,32.6559216,4458182164
Taner Eczanesi,39.8861816,32.840361,4459064792
Duygum Eczanesi,39.9153568,32.8626287,4459121789
Gün Eczanesi,39.8849942,32.8198989,4467367589
Gerek Eczanesi,39.9137193,32.8559661,4467373689
Toker Eczanesi,39.9337867,32.8571959,4467373989
Gümüş Eczanesi,39.9824885,32.830925,4467374889
Ersoy Eczanesi,39.9437655,32.820805,4469791295
Güner Eczanesi,39.924441,32.8165162,4470129892
Kırmızı Eczanesi,39.8860363,32.8925538,4470385095
Aysen Eczanesi,39.9262151,32.8827272,4470412890
Yeni Etlik Eczanesi,39.9721952,32.8429198,4470412892
Mega Eczanesi,39.8889451,32.9318833,4470420289
Melek Cebeci Eczanesi,39.9886693,32.8105429,4470424689
Soydaş Eczanesi,39.8836598,32.8322017,4470427889
Vatan Eczanesi,39.9101703,32.7985883,4470940790
Eroğlu Eczanesi,39.9095916,32.8178923,4473848789
Ebruli Eczanesi,39.960708,32.7251387,4475492817
Tepe Eczanesi,39.9227954,32.8520179,4475663870
Eylül Eczanesi,39.9716073,32.6529037,4475663871
Demircioğlu Eczanesi,39.8913349,32.8349716,4475694100
Hekimköy Eczanesi,39.8908364,32.7107352,4475694101
Kevser Ergin Eczanesi,39.9686679,32.8390789,4475707299
Murat Eczanesi,39.9465045,32.6642525,4475736096
Yeni Oyak Eczanesi,39.8814205,32.8719091,4475736299
Bora Eczanesi,39.9420299,32.8554726,4475736300
Ruşen Eczanesi,39.9537171,32.7849907,4477339591
Şule Eczanesi,39.9971119,32.8631544,4477339592
Homurlu Eczanesi,39.8784799,32.8609221,4477350890
Yeni Eylül Eczanesi,39.9560204,32.8533912,4477350891
Demirtepe Eczanesi,39.9243345,32.8486928,4477383091
Asel Eczanesi,39.8733154,32.6975727,4477392193
Zencefil Eczanesi,39.9016162,32.8460755,4477394590
Meriç Eczanesi,39.9727638,32.8427613,4477395389
Kumsal Eczanesi,39.866445,32.8600377,4478339791
Berkem Eczanesi,39.9556668,32.8647959,4478339792
Koyunlu Eczanesi,39.9729681,32.8615773,4478346090
Cüceloğlu Eczanesi,39.9034567,32.868551,4478346890
Ferda Eczanesi,39.9639068,32.8146815,4478361891
Bilgi Eczanesi,39.8670853,32.8202015,4478427390
Sude Eczanesi,39.9336473,32.8579093,4478427490
Açelya Eczanesi,39.958717,32.7554694,4478427491
Türkyılmaz Eczanesi,39.9759609,32.8259146,4478427889
Sıhhat Eczanesi,40.0366919,32.8926909,4479936489
Hilalin Eczanesi,39.922746,32.822578,4481034704
Yeni Atalay Eczanesi,39.9101794,32.8144332,4481034705
Çalık Eczanesi,39.9694772,32.7823735,4481035291
Ardıç Eczanesi,39.9341821,32.8614914,4482523091
Gülsevin Eczanesi,39.9029779,32.8469813,4482545990
Yurdum Eczanesi,39.9856124,32.8311637,4482547990
Yaman Eczanesi,39.8969544,32.7048397,4482604190
Osman Coşkun Eczanesi,39.9251445,32.8322259,4483634291
Elifsu Eczanesi,39.9637259,32.7885514,4483645690
Safa Eczanesi,39.9107567,32.8104973,4483647789
Çankırı Eczanesi,39.9344885,32.8815678,4483973303
Hande Eczanesi,39.9177339,32.872282,4483973304
Övünç Eczanesi,39.8753648,32.8750902,4483983289
Hülyam Eczanesi,39.8748376,32.6871223,4484342890
Sizin Eczanesi,39.9368532,32.8695456,4484352189
Hatipoğlu Eczanesi,39.9262675,32.8223258,4485011893
Kumru Eczanesi,39.9685198,32.8398514,4485013496
Yaren Eczanesi,39.9625829,32.810626,4485020089
Nurefşan Eczanesi,39.9184303,32.8979695,4485020189
Akıncı Eczanesi,39.9697861,32.9271412,4485020190
Emel Eczanesi,39.9504443,32.7278852,4485020191
Şatır Eczanesi,39.8840472,32.8281458,4488969190
Yeni Hakan Eczanesi,39.9667552,32.8081216,4488969489
Gökçe Ceren Eczanesi,39.9632198,32.7885707,4488969689
Sevinç Eczanesi,39.9288757,32.8444433,4488969989
Erler Eczanesi,39.9983365,32.8646028,4488971189
Kafkaslar Eczanesi,40.0362266,32.8509758,4488971389
Meral Cevizci Eczanesi,39.9712871,32.6526648,4488971391
Altınışık Eczanesi,39.8763712,32.7110531,4488973889
Özel İlgi Eczanesi,39.9467102,32.6594353,4488974389
Şahintepe Eczanesi,39.9121021,32.9178104,4491011791
Beşparmak Eczanesi,39.9063993,32.8811019,4491011792
Kuzucu Eczanesi,39.9336046,32.8581141,4491011793
Bensu Eczanesi,39.8575995,32.8303616,4491011794
Şeyda Eczanesi,39.9655078,32.805637,4491012090
Apaydın Eczanesi,39.9432108,32.8182201,4491012693
Elmas Eczanesi,39.9785909,32.8388616,4491012694
Nokta Eczanesi,39.9613845,32.9357409,4491012695
Başak Olgun Eczanesi,39.9540936,32.7272607,4491057789
Meşrutiyet Eczanesi,39.9189856,32.8603328,4492899091
Çamlık Eczanesi,39.9635014,32.9191051,4492899092
Sander Eczanesi,39.9474704,32.6680994,4492899093
Mamak Gürpınar Eczanesi,39.9253762,32.9030456,4492899193
Ayşen Eczanesi,39.9110694,32.7597928,4492899391
Yeni Ayçin Eczanesi,39.9242885,32.8284756,4492899392
Güniz Eczanesi,39.9691941,32.8409779,4492899393
Yeni Aysun Eczanesi,40.0072731,32.8560605,4492901390
Ozanlar Eczanesi,39.9547539,32.737391,4492901391
Nalan Eczanesi,39.9651505,32.7924049,4492936689
Kaçkar Eczanesi,39.9369375,32.8735416,4492937089
Okan Eczanesi,39.9806029,32.8056457,4494836194
Elif Ulutaş Eczanesi,39.9094367,32.8112827,4494853600
Akgül Eczanesi,39.962254,32.6964498,4494866690
Saydan Eczanesi,39.8783697,32.8233715,4494882691
Tuzluçayır Eczanesi,39.925665,32.9038928,4494898889
Esen Eczanesi,39.971864,32.841416,4494898890
Şahika Eczanesi,39.9105066,32.867001,4494899089
Koza Sağlık Eczanesi,39.9341439,32.8371936,4494899090
Hayat Eczanesi,39.9412237,32.8580743,4494899091
Müge Deniz Eczanesi,39.9362933,32.8727992,4494899189
Has Eczanesi,40.0017801,32.8802465,4494899289
Balagat Merkez Eczanesi,39.8900959,32.8180851,4496388790
Metro Eczanesi,39.9654556,32.794797,4496388791
Feride Eczanesi,39.8989619,32.8681893,4496399789
Anıt Eczanesi,39.9215791,32.8441773,4496399889
Anafartalar Füsun Eczanesi,39.938919,32.8591421,4496399989
Oyman Eczanesi,39.9038356,32.8528751,4497195290
Kızılay Eczanesi,39.968576,32.8400277,4497199089
Ececan Eczanesi,39.8810747,32.858777,4499014493
Albayrak Eczanesi,39.9681581,32.6983595,4499014494
Beyzam Eczanesi,39.8838681,32.8198734,4499050592
Leman Eczanesi,39.9198605,32.8237782,4499066092
Sağlık Eczanesi,39.9247272,32.8566719,4499066191
Erguvan Eczanesi,39.888895,32.7035844,4499066192
Ulusu Eczanesi,39.9399033,32.8938817,4499066292
Güven Eczanesi,39.9823808,32.6506651,4499066294
Tuzluçayır Ocak Eczanesi,39.9276746,32.8964994,4499070690
Melek Eczanesi,39.9898106,32.8004706,4499074389
Çankaya Eczanesi,39.8990518,32.8490795,4499074390
Dolunay Eczanesi,39.965526,32.792863,4499074589
Mirgül Eczanesi,39.9433228,32.6633725,4499979178
Emirler Eczanesi,39.9423467,32.6629154,4499979186
Özgenin Eczanesi,39.9343669,32.6516193,4500072804
Servet Eczanesi,39.8812818,32.8147078,4501002892
Emek Eczanesi,39.9173342,32.8209249,4501186289
Gökşen Eczanesi,39.8803069,32.8809447,4501186589
Baştürk Eczanesi,39.9292294,32.8447652,4501186789
Ankara Dilek Eczanesi,39.9654638,32.7067704,4501840955
Gaziler Eczanesi,39.9315627,32.821099,4502725091
Cemre Eczanesi,39.963534,32.788431,4502725092
Uğrak Eczanesi,39.9280264,32.8524088,4502738190
Deva Eczanesi,39.898576,32.8678107,4502753389
Özercan Eczanesi,39.9444383,32.8217189,4506043489
Özdora Eczanesi,39.9253574,32.8293167,4506043789
Aslan Eczanesi,39.9301163,32.8783717,4506043790
Beysukent Eczanesi,39.8964091,32.7242592,4506803792
Övgü Eczanesi,39.8817264,32.83153,4511041491
Nagehan Eczanesi,39.9810953,32.8785178,4511052191
Feza Eczanesi,39.8905915,32.8162265,4511052390
Öz Filiz Eczanesi,39.9617453,32.8793422,4511052391
Koç Eczanesi,39.902313,32.695433,4511107891
Sun Eczanesi,39.9204725,32.8176754,4511109889
Mesa Ufuk Eczanesi,39.889444,32.8751959,4511109989
Yeni Bengü Eczanesi,39.8957795,32.8585853,4511110089
Mevlana Eczanesi,39.9302279,32.8735929,4511930490
Manolya Eczanesi,39.9237403,32.8304412,4511934493
Varol Eczanesi,39.9181696,32.8571727,4514668992
Gamze Doğan Eczanesi,39.9205326,32.9053148,4514699390
Rumeli Eczanesi,39.9363549,32.8842157,4514699391
Atasever Eczanesi,39.9298359,32.8682141,4514699890
Narçiçeği Eczanesi,39.9250048,32.8304032,4514710089
Kübra Eczanesi,39.9714501,32.7916163,4514710389
Zeytindalı Eczanesi,39.9701135,32.8969803,4514710391
Abbasoğlu Eczanesi,39.9694079,32.8413534,4514710689
Can Eczanesi,39.9028506,32.816813,4517774889
Turunç Eczanesi,39.9319629,32.8294015,4517774989
Yeni Bilir Eczanesi,39.9627503,32.788466,4517775089
Ali Rıza Eczanesi,39.9138791,32.9132814,4517775189
Barışcan Eczanesi,39.9054256,32.8681285,4517775289
Mimoza Eczanesi,39.9412737,32.8546243,4517775290
Bahar Eczanesi,39.8794692,32.6640054,4517775291
Nilgün Eczanesi,39.9183647,32.8597605,4517775389
Emek Şifa Eczanesi,39.9179818,32.8172135,4519270989
Kübra Eczanesi,39.9280917,32.911633,4519282791
Türkan Eczanesi,39.9672125,32.7878702,4519283990
Beyazgül Eczanesi,39.9082713,32.8681219,4519283991
Öz Vatan Eczanesi,39.9672387,32.7897035,4521302795
Zeliha Güven Eczanesi,39.9042185,32.7078339,4521409703
Aykut Eczanesi,39.9177335,32.8171331,4521410392
Yenişehir Eczanesi,39.9070945,32.8761363,4521411796
Yunus Emre Eczanesi,39.9790284,32.8468829,4521412494
Arda Sağlık Eczanesi,39.9201127,32.8867847,4521422897
Daldal Eczanesi,39.8911183,32.8077507,4523806792
Beştepe Şen Eczanesi,39.9237121,32.8053054,4523822891
Aynur Eczanesi,39.9624216,32.7918743,4523847290
Kule Eczanesi,39.912647,32.8043318,4525151894
Zaim Eczanesi,39.8642311,32.8584191,4525198450
Gülşehir Eczanesi,39.9718499,32.8419435,4526647390
Alibey Eczanesi,39.8887969,32.8186512,4526659490
Nefes Eczanesi,39.9276496,32.8968928,4526659491
Royal Eczanesi,39.931887,32.8231658,4526673889
Büyük Ünal Eczanesi,39.9233723,32.8574405,4526673890
Karşıyaka Eczanesi,39.9711592,32.7921349,4526674089
Çevik Eczanesi,39.8688203,32.8237379,4526750591
Göksu Eczanesi,39.9324294,32.8231232,4532555389
Tunalı Eczanesi,39.9096214,32.8617501,4532555390
Akgül Eczanesi,39.8971043,32.7986273,4532555489
Ata Eczanesi,39.9233732,32.8440717,4532555490
Nursu Eczanesi,39.9365955,32.8737202,4532555491
Burçak Eczanesi,39.9524675,32.867564,4534753492
Ulus Eczanesi,39.9422417,32.8495207,4534753797
Saray Eczanesi,39.9286738,32.8529339,4534755992
Alakuş Eczanesi,39.9732207,32.8307299,4534755993
Gerçeğin Eczanesi,39.8832865,32.8764819,4534787891
İkbal Eczanesi,39.9434302,32.8515623,4534789690
Sılam Eczanesi,39.9313122,32.8768434,4534810789
Kutlu Ozan Eczanesi,39.9112034,32.8980355,4535633191
Cankat Eczanesi,39.9063167,32.8626931,4535633193
Safirtepe Eczanesi,39.9077611,32.7560377,4535673599
Güneş Eczanesi,39.9319323,32.828631,4535726093
Aytaç Eczanesi,39.9320299,32.8435877,4535726094
Boncuk Eczanesi,39.9270872,32.8269343,4539977390
Keyif Eczanesi,39.9920261,32.8411308,4541614591
Fazilet Eczanesi,39.9213536,32.8587425,4541615390
Denizciler Eczanesi,39.9337185,32.8575316,4541684489
Müge Eczanesi,39.9344843,32.836779,4548867894
Yeni Betül Eczanesi,39.9722081,32.8073652,4548903290
Zehra Eczanesi,39.8765443,32.8603193,4548903291
Eceser Eczanesi,39.9240656,32.8560065,4548903292
Berk Eczanesi,39.9111682,32.8204322,4548909389
İlke Eczanesi,39.9165171,32.8183293,4551312290
Aşkın Eczanesi,39.8831264,32.8713962,4551312489
Çalışkan Eczanesi,39.9711921,32.7916574,4552570491
Kıvanç Eczanesi,39.9748098,32.8412515,4552582992
Galip Eczanesi,39.9715432,32.8752993,4552582993
Serim Eczanesi,40.0368329,32.8507737,4557115022
Elifçe Eczanesi,40.0340211,32.8549838,4557171359
Pektaş Eczanesi,39.9632887,32.788341,4561197371
Nergiz Eczanesi,39.965315,32.7833625,4564535091
Yurtseven Sami Eczanesi,39.9620249,32.7808009,4564687976
Subaşı Eczanesi,40.0366791,32.7669688,4577231450
Yeni Yakacık Eczanesi,40.0367007,32.7670252,4577231451
Kentpark Eczanesi,39.9106795,32.7771481,4583968391
Altınkan Eczanesi,39.9279981,32.8261763,4584008289
Saddık Eczanesi,39.998589,32.8543528,4584008490
Şener Eczanesi,39.9208513,32.8575731,4584008589
Erşen Eczanesi,39.933563,32.8602818,4584008689
Esengül Eczanesi,39.980187,32.8294782,4584008789
Setenay Eczanesi,39.9789822,32.8484139,4584008889
Duygu Eczanesi,39.9998417,32.8703296,4592030313
Cadde Park Eczanesi,39.86761,32.6782203,4592487808
Çayyolu Park Eczanesi,39.8696595,32.6797181,4592614441
Çayyolu Bora Eczanesi,39.8656587,32.6846827,4592615542
Nusret Eczanesi,39.9424849,32.815521,4608278409
Mithatpaşa Plus,39.9076222,32.8612742,4617717372
Akay Eczanesi,39.9134682,32.8568445,4621625636
Bilinmeyen Pharmacy,39.9216018,32.8548465,4621720987
Esin Kuranel Eczanesi,39.8932915,32.8760505,4624060631
Eversel,39.9108271,32.8596434,4626474016
Yeni Bahar,39.9051016,32.8596825,4626474031
Bilinmeyen Pharmacy,39.8721304,32.8606117,4627366919
Bilinmeyen Pharmacy,39.8722766,32.8598928,4627366928
Bilinmeyen Pharmacy,39.9234853,32.856619,4630875933
Yeni Melek Eczanesi,39.9298358,32.8149747,4658725662
Güleç Eczanesi,39.9293617,32.8151526,4658725669
İffet Eczanesi,39.9292691,32.8154477,4658725678
Atakule Eczane,39.8857859,32.8544587,4661050651
Sandalcı Eczanesi,39.9679042,32.8736958,4708330548
Atlantis Eczanesi,39.970262,32.7147058,4751791035
Erenin Eczanesi,40.0236554,32.9196572,4833030718
Karacaören Eczanesi,40.023359,32.9194842,4833030719
Ömür Serap Eczanesi,39.8752302,32.8795165,4930525023
Candoğan Eczanesi,39.9931789,32.691497,4964039128
Atasun Eczanesi,39.9932923,32.6915432,4967422589
Yeni Şeker Eczanesi,39.9667487,32.659879,5000992338
Cinnah Eczanesi,39.8967512,32.8574824,5227558787
Kayra Eczanesi,39.969824,32.8526188,5825822733
Eczane Mutlu,39.9769433,32.6903042,6221852421
Oran Gülcem Eczanesi,39.8530787,32.8498533,6285179801
Pervin Eczanesi,39.9673602,32.7306671,6313729516
Fidanboy Eczanesi,39.9701952,32.7262804,6315733073
Alpan Eczanesi,39.8732686,32.6890398,6556986429
Ayrancı Eczanesi,39.9060292,32.853072,6943887471
Mehmet Eczanesi,39.875429,32.8390176,7878347140
Dikmen Ömür Eczanesi,39.8822181,32.8392987,7878365670
Rüya Eczanesi,39.8690552,32.8404499,7878388689
Yeni İlker Eczanesi,39.8585324,32.8311114,7878414920
Gürbüz Eczanesi,39.8929809,32.8412368,7878463084
Yaveroğlu Eczanesi,39.8888976,32.84068,7878525737
Türkmen Eczanesi,39.936476,32.898426,7902597373
Kuzeykent Eczanesi,40.0125443,32.8937687,8215220289
Kuğulupark Eczanesi,39.8941149,32.8711024,8309368780
Beştepe Eczanesi,39.9231007,32.8058191,8338590164
Eczane Devran,39.9288517,32.8186717,8715786917
Yeşilbağ Eczanesi,39.8993307,32.7076589,8727308375
Bilinmeyen Pharmacy,39.925327,32.8481568,9289170002
Akay Beatekar,39.9132423,32.8565874,9350338110
Tohum,39.9123135,32.8580171,9350497213
Kardelen,39.9125764,32.858279,9350511842
Uğrak,39.9221757,32.8576485,9392984453
Hürriyet,39.9103172,32.8616918,9392993241
Ulaş Eczanesi,39.9559246,32.832709,9415338483
Begümhan Eczanesi,39.9575345,32.833709,9415338509
Mert Yaşam Eczanesi,39.8582628,32.6527699,9817709716
Ayfer Eczanesi,39.877299,32.8431969,9844130491
Elçim Eczanesi,39.8766943,32.8447395,9846219924
Aker Eczanesi,39.891741,32.7232118,9918517517
Ozan Eczanesi,39.8916987,32.7014344,10052162424
Ümitköy Merkez Eczanesi,39.894034,32.7013307,10064148373
Tokgöz Eczanesi,39.9725036,32.7099718,10075013593
Pharmast İlaç ve Sağlık Ürünleri,39.8788464,32.652541,10292006240
Pharmaser,39.8790916,32.6529158,10292006242
Eczane Temel,39.8554725,32.66182,10298158533
Eczane Bülent,39.8565805,32.6515793,10302856042
Gökmen Eczanesi,39.8754338,32.6743252,10307587453
Özsan Eczanesi,39.8606998,32.7404453,10556415113
Didim Eczanesi,39.8592988,32.713401,10556415114
Beysupark Eczanesi,39.8769844,32.7053748,10556415115
Bülent Eczanesi,39.8567244,32.6512381,10556415118
Teknokent Eczanesi,39.8625388,32.7359204,10556415210
Ankuva Eczanesi,39.8834909,32.7563502,10556415211
Platin Eczanesi,39.8628755,32.7139331,10556415212
Organik Eczanesi,39.8671844,32.7093343,10556415213
Park Yıldız Eczanesi,39.8648134,32.652962,10556415214
Özek Eczanesi,39.8619905,32.711817,10556415310
Beytepe Eczanesi,39.8548696,32.7338016,10556415410
Bilkent Alp Eczanesi,39.8519761,32.7574971,10556415411
Beril Bulut Eczanesi,39.8563,32.7125736,10556415413
Mehtap Uysal Eczanesi,39.8707708,32.7045721,10556415414
Vitrin Eczanesi,39.8736809,32.6980033,10556415415
Temel Eczanesi,39.8555091,32.6618138,10556415419
Yeşil Eczanesi,39.8734772,32.6631715,10556415420
Anavrin Eczanesi,39.9003348,32.6927797,10556723410
Yeni Gordion Eczanesi,39.8997467,32.6916589,10556723411
Koru Eczanesi,39.8935572,32.6793556,10556723412
Deniz Kuzudişli Eczanesi,39.8598511,32.6774848,10556723512
Derin Eczanesi,39.8611981,32.6812964,10556723513
Yalçın Eroğlu Eczanesi,39.8691833,32.6851226,10556723514
Park Dilek Eczanesi,39.8715847,32.6814957,10556723515
Merve Baysal Eczanesi,39.8854212,32.6983218,10556723516
Ümitköy Eczanesi,39.8866597,32.6982146,10556723517
Çayyolu Eczanesi,39.8864954,32.6969992,10556723518
Seferoğlu Eczanesi,39.8906578,32.7090314,10556723519
Mutlukent Eczanesi,39.8831743,32.7137476,10556723520
Ankara Eczanesi,39.8872975,32.7172407,10556723521
Altınışık Eczanesi,39.8788242,32.7190218,10556723522
Arifoğlu Eczanesi,39.8987992,32.7062203,10556723523
Ege Sena Eczanesi,39.9027167,32.701564,10556723524
Taşkan Eczanesi,39.89745,32.6915102,10556723525
Çağlayan Eczanesi,39.890426,32.6812331,10556723526
Çayyolu Kuzucu Eczanesi,39.8817396,32.6828001,10556723527
Odef Eczanesi,39.8830737,32.686256,10556723528
Cadde Çayyolu Eczanesi,39.8820751,32.6863388,10556723529
Rana Eczanesi,39.8862159,32.6644093,10556723530
Tutkun Eczanesi,39.8596833,32.6767584,10556727010
Pınar Kaynar Eczanesi,39.8701292,32.6862007,10556727011
Mavi Güneş Eczanesi,39.8736888,32.6885644,10556727012
Santra Eczanesi,39.8848317,32.7006335,10556727013
Çavdar Eczanesi,39.8856092,32.6984597,10556727014
Sonat Eczanesi,39.8965359,32.7085437,10556727015
Torun Eczanesi,39.8641114,32.6826749,10556727109
Alper Yüce Eczanesi,39.8856135,32.7156024,10556727110
Asmabahçe Eczanesi,39.8862866,32.6826736,10556727111
Özleyen Eczanesi,39.8861649,32.6828548,10556727112
Mir Eczanesi,39.8652355,32.6834876,10556727209
Maya Eczanesi,39.8871832,32.6947643,10556727210
Galleria Eczanesi,39.8954531,32.7040187,10556727211
Arısoy Eczanesi,39.8500227,32.8354809,10561268510
Viola Eczanesi,39.8551138,32.8444712,10561268511
Seren Eczanesi,39.8505435,32.8458753,10561268613
Gündoğan Eczanesi,39.8535022,32.8475794,10561268614
Okur Eczanesi,39.8665864,32.8194755,10565933311
Mineral Eczanesi,39.8702808,32.8125312,10565933312
Cadde Cevizlidere Eczanesi,39.8825004,32.8175655,10565933313
Hacer Eczanesi,39.8834737,32.818269,10565933314
Çalış Eczanesi,39.8852644,32.8177613,10565933315
Yumlu Eczanesi,39.8670577,32.8190245,10565959009
Cadde Dikmen Eczanesi,39.8667942,32.8209718,10565959010
Anadolu Eczanesi,39.8670536,32.8222189,10565959011
Yeni Ata Eczanesi,39.8729975,32.8270399,10565959012
Taşkent Eczanesi,39.8748936,32.8169385,10565959013
Öveçler Şifa Eczanesi,39.8772632,32.8261939,10565959014
Cevizlidere Eczanesi,39.8815991,32.8150365,10565959015
Gonca Eczanesi,39.8822417,32.8192411,10565959016
Lalem Eczanesi,39.8836133,32.8203748,10565959017
Cevizlidere Huzur Eczanesi,39.8842535,32.8200375,10565959018
Burcu Demircioğlu Eczanesi,39.8666148,32.8206182,10565959209
Sim Eczanesi,39.869809,32.8263139,10565959210
Öveçler Eczanesi,39.8772035,32.8228861,10565959211
Halide Eczanesi,39.885034,32.8201611,10565959212
Yağız Eczanesi,39.87835,32.8230534,10565959309
Yeni Nisan Eczanesi,39.8802853,32.8164445,10565959310
Mega Eczanesi,39.8878964,32.935033,10568386410
Mamak Elit Eczanesi,39.8918887,32.9303779,10568393309
Portakal Eczanesi,39.8942938,32.927232,10568393409
Ufuk Eczanesi,39.8964375,32.9278119,10568393410
Ayda Eczanesi,39.89876,32.9271039,10568393411
Yapraközü Ege Eczanesi,39.8987098,32.9289437,10568393509
Fikret Acar Eczanesi,39.8802726,32.8859652,10569422809
Ersöz Eczanesi,39.8814161,32.8873197,10569422810
Birlik Eczanesi,39.8792157,32.8750956,10569422910
Özervarlı Eczanesi,39.8689206,32.8636432,10569422911
Burakcan Eczanesi,39.8832296,32.8852704,10569423009
Ecem Eczanesi,39.8666714,32.8624231,10569423010
Yeni Çınar Eczanesi,39.8764026,32.8640348,10569423011
Can Ece Eczanesi,39.8770116,32.8643839,10569423012
Kişioğlu Eczanesi,39.878794,32.8807357,10569423109
Tezel Eczanesi,39.8794911,32.87897,10569423110
365 Eczanesi,39.8759633,32.8700682,10569423111
Mimoza Eczanesi,39.8732697,32.8640669,10569423112
Dündar Eczanesi,39.9423401,32.903213,10572438612
Durum Eczanesi,39.9374248,32.9192705,10572440913
Hayat Eczanesi,39.9380888,32.9154545,10572440914
Tuğçem Eczanesi,39.9283703,32.90109,10572440915
Deniz Eczanesi,39.9224388,32.9139534,10572440916
Ümran Eczanesi,39.9222043,32.914,10572440917
Sudem Eczanesi,39.9399422,32.921299,10572462009
Kaya Eczanesi,39.9395902,32.9210653,10572462109
Sena Eczanesi,39.9362133,32.9090752,10572462110
Mamak Eczanesi,39.9291049,32.9107757,10572462111
Limon Eczanesi,39.922119,32.9140352,10572462112
Nefise Eczanesi,39.9330034,32.908944,10572462209
Anadolu Mamak Eczanesi,39.9316553,32.9140006,10572462309
Ayşenur Eczanesi,40.0456151,32.9040502,10574485510
Pursaklar Hülya Eczanesi,40.0450234,32.8972808,10574485511
Öznur Eczanesi,40.0481406,32.8829385,10574485512
Devrez Eczanesi,40.0386706,32.8960246,10574485513
Mortaş Eczanesi,40.0353388,32.9006938,10574485514
Yeni Güneş Eczanesi,40.0347238,32.9003552,10574485515
Güner Eczanesi,40.0454884,32.9128485,10574487012
Pursaklar Meydan Eczanesi,40.048132,32.8934436,10574487013
Havan Eczanesi,40.048589,32.8959033,10574498210
Şifadar Eczanesi,40.0481854,32.8935502,10574498211
Pursaklar Eczanesi,40.0341181,32.9015405,10574498212
Gürkan Eczanesi,40.0482999,32.8937112,10574498310
Hızır Fazıl Eczanesi,40.0336506,32.9011315,10574498311
Tevfik Eczanesi,40.0444823,32.9089198,10574498510
Beyza Uzun Eczanesi,40.047927,32.893181,10574498511
Alper Bekar Eczanesi,40.033566,32.90033,10574498512
Yeni Damla Eczanesi,40.0444694,32.9039293,10574498609
Tebessüm Eczanesi,40.0387276,32.903263,10574498610
Uygur Ata Eczanesi,40.0478792,32.8929282,10574498612
Melom Eczanesi,40.0480453,32.8933374,10574498613
Büyük Anadolu Eczanesi,40.0370579,32.8976103,10574498614
Adanan Eczanesi,40.0482453,32.8936323,10574498709
Yeni Coşkun Eczanesi,40.0267214,32.8884979,10575992441
Canım Ailem Eczanesi,40.0337447,32.8910287,10575992442
İhsan Eczanesi,40.0193446,32.8562365,10575992443
Mimar Sinan Eczanesi,40.0307564,32.8836046,10575992541
Bağlum Eczanesi,40.0499826,32.8415688,10575992542
Fatih Alkan Eczanesi,40.0338368,32.8912044,10575992641
Güleryüz Eczanesi,40.036857,32.892736,10575992642
Mehtap Akın Eczanesi,40.0339535,32.8914281,10575992741
Farabi Eczanesi,40.0367812,32.8926956,10575992742
Çalıkuşu Eczanesi,40.0497125,32.8428322,10575992744
Yeni Mine Eczanesi,40.0486859,32.8458998,10575992745
Cevşen Eczanesi,40.0386,32.8469248,10575992746
Nimet Eczanesi,40.0380162,32.8486483,10575992747
Feyza Eczanesi,40.0190215,32.8557356,10575992748
Zambak Eczanesi,39.9834627,32.7492055,10578174742
Nilsu Eczanesi,39.9804784,32.7501481,10578174743
İvedik Bulvar Eczanesi,39.9912057,32.7466164,10578174744
Ofim Eczanesi,39.9728115,32.7459915,10578174745
Başaran Eczanesi,39.95518,32.7415821,10578174746
Fora Eczanesi,39.9931861,32.7579958,10578185641
Batı Alp Eczanesi,39.9614105,32.7403508,10578185642
Büşra Eczanesi,39.9863606,32.7616636,10578185741
Seval Eczanesi,39.9912148,32.7487297,10578185941
Emrehan Eczanesi,39.9951978,32.7959997,10580765841
Figen Eczanesi,39.9907078,32.798433,10580765842
Gizem Eczanesi,39.9804115,32.8056244,10580765843
Çağda Gizem Eczanesi,39.9839953,32.8085818,10580765844
Aksu Eczanesi,39.9880074,32.8114666,10580765845
Yürekli Eczanesi,39.9936013,32.796474,10580765941
İpek Yol Eczanesi,39.9900529,32.7974843,10580765942
Yazgan Eczanesi,39.9835457,32.7967696,10580765943
Sarıkaya Eczanesi,39.9821626,32.8052069,10580765944
Ulutaş Eczanesi,39.9943501,32.8136888,10580765945
Gençaslan Eczanesi,39.9985689,32.8089638,10580765946
Yükseltepe Eczanesi,39.9991302,32.809935,10580765947
Şenyuvam Eczanesi,39.9986866,32.8093351,10580765948
Özmen Eczanesi,39.9901996,32.7980773,10580766041
Feyza Eczanesi,39.9838269,32.8002583,10580766042
Merkez Eczanesi,39.9820672,32.8030788,10580766043
Funda Figen Eczanesi,39.9990118,32.8096647,10580766044
Enise Eczanesi,39.9854285,32.7992915,10580766141
Çamlıdere Eczanesi,39.9814727,32.8056702,10580766241
Balım Eczanesi,39.9836705,32.8079037,10580766341
Alptuğ Eczanesi,39.9946034,32.8099921,10580766441
Çağla Eczanesi,39.9951607,32.6928023,10583155405
Funda İpek Eczanesi,39.995783,32.6973262,10583155406
Arkadaş Eczanesi,39.9875186,32.6960497,10583155407
Çakırlar Merkez Eczanesi,39.9857701,32.6951038,10583155408
Pelinsu Eczanesi,39.9841646,32.6957141,10583155409
Polen Eczanesi,39.9824403,32.6940662,10583155410
Yeni Nil Eczanesi,39.9946157,32.7014982,10583155411
Büyük Eczanesi,39.9892791,32.7075346,10583155412
Çakırlar Eczanesi,39.9894609,32.7090675,10583155413
Gaye Eczanesi,39.9894743,32.7094262,10583155414
Yiğitler Eczanesi,39.9941536,32.7063884,10583155505
Akkent Eczanesi,39.9908374,32.7084993,10583155605
Melihan Eczanesi,39.9444515,32.8258734,10585757014
Gazi Eczanesi,39.9426324,32.8138172,10585757016
Yenimahalle Yılmaz Eczanesi,39.9583333,32.8175098,10585757018
Nesli Eczanesi,39.9647501,32.8136762,10585757019
Gülcan Eczanesi,39.965725,32.8109676,10585757025
Yenimahalle Merkez Eczanesi,39.9660074,32.810775,10585757027
Firdevs Eczanesi,39.9651328,32.8086108,10585757031
Şahin Eczanesi,39.9657453,32.8088814,10585757032
Avşar Eczanesi,39.9665902,32.8090627,10585757033
Ankamall Eczanesi,39.9520834,32.8319238,10585757310
Yöre Eczanesi,39.9424867,32.8131854,10585757313
Mehmet Özer Eczanesi,39.9660032,32.8124214,10585757314
Merih Eczanesi,39.9425299,32.8133649,10585757508
Ayça Pekin Eczanesi,39.966037,32.8105087,10585757514
Yeni Derman Eczanesi,39.9659813,32.8081225,10585757516
Dilara Işık Eczanesi,39.9621791,32.8156477,10585757607
Akşit Eczanesi,39.9653666,32.8118264,10585757805
Meşe Eczanesi,39.9633159,32.8084581,10585757806
Çetin Eczanesi,39.9166902,32.8188665,10595464105
Ertaş Eczanesi,39.9182893,32.8168015,10595464106
Kutay Eczanesi,39.9177795,32.8184659,10595464205
Yalçın Eczanesi,39.9194154,32.8176166,10595464206
Canhan Eczanesi,39.9195978,32.817618,10595464207
Vita Eczanesi,39.9218833,32.8176256,10595464208
Nihan Eczanesi,39.9244006,32.8156731,10595464209
Emek Sağlık Eczanesi,39.9242399,32.815599,10595464210
Volkan Eczanesi,39.9229822,32.8177607,10595464305
Maidan Kuzucu Eczanesi,39.9092949,32.7640946,10606003105
Beyza Eczanesi,39.9106037,32.7664609,10606003205
Serenay Eczanesi,39.9126719,32.7675177,10606003305
Mustafa Kemal Eczanesi,39.9128964,32.7698596,10606003405
Gala Cadde Eczanesi,39.9597839,32.7133623,10725705096
Çiğiltepe Eczanesi,39.954942,32.9149391,10744756305
Pandora Eczanesi,39.9512798,32.896956,10744756306
Yeni Akın Eczanesi,39.956387,32.8984733,10744756307
Uğur Eczanesi,39.9604139,32.9287125,10744756308
Zeynep Özoğlu Eczanesi,39.9670648,32.943707,10744756309
Ahsen Eczanesi,39.9687624,32.9420678,10744756310
Engin Eczanesi,39.952913,32.9023635,10744756405
Sözen Eczanesi,39.9612405,32.9053711,10744756406
Ulubey Eczanesi,39.9612153,32.9076283,10744756407
Ataman Eczanesi,39.9615478,32.9178765,10744756408
Gülpınar Eczanesi,39.9642204,32.9438514,10744756409
Burak Eczanesi,39.9462638,32.8983492,10744756505
Rabia Ay Eczanesi,39.96906,32.9031731,10744756605
Leyla Eczanesi,39.9607493,32.9360303,10744756606
Günay Eczanesi,39.9616946,32.9368671,10744756607
Okyanus Eczanesi,39.9669308,32.9436919,10744756608
Görkem Eczanesi,39.961623,32.9185006,10744756705
Halep Eczanesi,39.9615068,32.9245896,10744756706
Karapürçek Esentepe Eczanesi,39.9646527,32.9430198,10744756707
Okuyan Eczanesi,39.9656635,32.9475557,10744756708
Dilara Eczanesi,39.8923179,32.8753239,10751377105
Koçyiğit Eczanesi,39.8917488,32.8710634,10751377106
Nenehatun Eczanesi,39.9021252,32.8673191,10751377107
Dayıoğlu Eczanesi,39.9026064,32.8771651,10751377108
Seher Eczanesi,39.8935137,32.8769007,10751377205
Ebruli Eczanesi,39.9039601,32.8656886,10751377206
Yeni Martı Eczanesi,39.8978662,32.8687512,10751377305
Sevil Eczanesi,39.8972449,32.8658099,10751377306
Karum Eczanesi,39.9004065,32.8627191,10751377405
Asal Eczanesi,39.8995612,32.875277,10751377406
Oraklı Eczanesi,39.904068,32.8686083,10751377505
Yeni Engürü Eczanesi,39.9024237,32.872687,10751377605
Bereket Eczanesi,39.9555752,32.79998,10758634505
Nazenin Eczanesi,39.9622456,32.7822498,10892777199
Bilinmeyen Pharmacy,39.9585459,32.7902307,10892777241
Bilinmeyen Pharmacy,39.9584449,32.7901988,10892777242
Lütuf Eczanesi,39.9733386,32.8155485,11005674905
Alkara Eczanesi,39.9729747,32.8174069,11005675205
Yeni Kardeşler Eczanesi,39.9741836,32.8173915,11005675206
Mavi Düş Eczanesi,39.9019077,32.8128389,11148849005
Yeniçukurambar Eczanesi,39.9013154,32.8124749,11148851105
Lavanta Eczanesi,39.898609,32.8122152,11148851106
Ülgen Eczanesi,39.898988,32.8176315,11148854905
Çukurambar Eczanesi,39.9009175,32.8198795,11148854906
Gençtoy Eczanesi,39.9034213,32.8179197,11148857107
Yeni Balgat Eser Eczanesi,39.9044091,32.8169667,11148858006
Balgat Hakan Eczanesi,39.9034498,32.8163484,11148861105
Sevilay Eczanesi,39.9040704,32.8148649,11148861106
Eczane Tutkun,39.8536125,32.6559625,11169230804
Bülbül Eczane,39.8758632,32.8350572,11203819559
Günebakan Eczane,39.8762579,32.8354172,11203819563
Olcay Eczanesi,39.8778281,32.8368747,11206702670
Arda Erman Eczanesi,39.9220278,32.8311372,11462344569
Azim Eczanesi,39.9210187,32.8292009,11462344570
Özgür Eczanesi,39.9229101,32.8283754,11462344669
Ergen Eczanesi,39.9243332,32.8422999,11462373169
Bihter Eczanesi,39.9250556,32.8317588,11462374669
Şube Eczanesi,39.9288275,32.8288681,11462577378
Belit Eczanesi,39.9252453,32.8298184,11462577379
Lila Eczanesi,39.9256411,32.8302032,11462577572
Nur Gündüz Eczanesi,39.9263076,32.8299957,11462577573
Hazar Eczanesi,39.9246312,32.8305555,11462577574
Hayat Ağacı Eczanesi,39.9267051,32.8295895,11462577683
Filiz Eczanesi,39.9232479,32.824677,11462577684
Aytaç Eczanesi,39.9195512,32.8270086,11462577685
Laçin Eczanesi,39.9175411,32.8252915,11462577686
Başkent Gözde Eczanesi,39.9269959,32.8314411,11462577775
Birsenin Eczanesi,39.9232047,32.8226541,11462577777
Bahçelievler Eczanesi,39.9290344,32.8262205,11462590369
Kadıoğlu Eczanesi,39.9270112,32.8297835,11462590370
Baraj Eczanesi,39.9505571,32.8817137,11465769169
Sinem Eczanesi,39.9444411,32.8929136,11465769269
İmece Eczanesi,39.935808,32.8898586,11465769270
Burcu Eczanesi,39.9272999,32.8693305,11465769369
Erol Eczanesi,39.9752041,32.78138,11490991170
Nakipoğlu Eczanesi,39.9727623,32.7789855,11490991171
Özevler Eczanesi,39.9718871,32.781193,11490991172
Süleyman Eczanesi,39.9712195,32.7838811,11490991173
Mert Eczanesi,39.9732659,32.7825978,11490991269
Erk Eczanesi,39.9733521,32.7827483,11490991369
Onur Erol Eczanesi,39.9697822,32.7809918,11490991370
Yeni Gizem Eczanesi,39.9706723,32.7796348,11490991371
Talip Eczanesi,39.9707082,32.7793697,11490991372
Sevgin Eczanesi,39.9707328,32.7792912,11490991373
Candan Eczanesi,39.9707012,32.7794708,11490991469
Yeni Yenen Eczanesi,39.968191,32.7844531,11491009269
Lokman Hekim Eczanesi,39.9671859,32.7836595,11491009369
Antakya Eczanesi,39.9637553,32.7828483,11491009469
Onur Eczanesi,39.9576822,32.766743,11491009470
Demetevler Eczanesi,39.9632351,32.7805395,11491009569
Rabia Tuğba Eczanesi,39.9666298,32.7730371,11491009570
Arel Eczanesi,39.9624866,32.772861,11491009571
Günhan Eczanesi,39.9606664,32.7682601,11491009572
Podium Eczanesi,39.9628192,32.768137,11491009669
Ağaoğlu Eczanesi,39.9756083,32.867387,11592686121
Dilek Bahar Eczanesi,40.0004614,32.8722232,11733156669
Burcu Emre Eczanesi,39.9959514,32.8651739,11733156670
Ayhanlar Eczanesi,39.9974607,32.8620318,11733156671
Kısmet Eczanesi,40.0006566,32.8723656,11733156769
Güneşin Eczanesi,40.0012648,32.8708443,11733156869
Şanlı Eczanesi,39.9970119,32.8737352,11733156870
Yeni Banu Eczanesi,39.9996076,32.8583007,11733156871
Yeni Sabah Eczanesi,39.9970321,32.8617311,11733156969
İbrahimin Eczanesi,39.9996945,32.861723,11733156970
Etiler Eczanesi,39.949937,32.662731,11885741769
Antakya Sevinç Eczanesi,39.9481923,32.6653821,11885741770
Ankara Ayyıldız Eczanesi,39.9470039,32.6679904,11885741771
Bizim Eczanesi,39.9472698,32.6680377,11885741772
Onur Eczanesi,39.9481324,32.662069,11885741869
Yeniay Eczanesi,39.9461577,32.6677826,11885741870
Küçük Deniz Eczanesi,39.9471092,32.6627377,11885741969
Demir Eczanesi,39.9462357,32.6678181,11885742069
Elvan Eczanesi,39.9469081,32.6676186,11885742070
Şifa Eczanesi,39.9468965,32.6679524,11885742169
Nisan Bir Eczanesi,39.9552619,32.7214244,11888368769
Erval Eczanesi,39.9553061,32.7212959,11888368869
Elif Aydın Eczanesi,39.9606532,32.716077,11888368870
Yeni Nefes Eczanesi,39.9667001,32.719004,11888368871
Meydan Batıkent Eczanesi,39.9688302,32.7175815,11888368872
Nalan Semizler Eczanesi,39.9762651,32.7180006,11888368873
Şans Eczanesi,39.9784536,32.7081324,11888368874
Gönül Eczanesi,39.9731224,32.6996324,11888368875
Kentkoop Büşra Eczanesi,39.9609646,32.7152724,11888368969
Özgem Eczanesi,39.9648495,32.7184797,11888369069
Funda Eczanesi,39.9674395,32.7161646,11888369070
Gümüşler Eczanesi,39.9729727,32.7164556,11888369071
Pamuk Eczanesi,39.9704838,32.7081983,11888369072
Uygun Eczanesi,39.9671823,32.714374,11888369169
Yurtseven Sena Eczanesi,39.9784459,32.7087455,11888369170
Pehlivan Eczanesi,39.9618604,32.7014771,11888369171
Altınok Eczanesi,39.9858281,32.8647272,11893009169
Rüzgar Eczanesi,39.9819456,32.859542,11893009170
Günerdem Eczanesi,39.9854614,32.8635863,11893009269
Eser Eczanesi,39.9907508,32.8659006,11893009270
Yurtseven Meryem Eczanesi,39.9884182,32.861671,11893009369
Salih Eczanesi,39.9870666,32.8656014,11893009370
Demircan Eczanesi,39.9891214,32.866322,11893009371
Berna Eczanesi,39.9826814,32.8566035,11893009372
Yeni Altınışık Eczanesi,39.9876744,32.8660449,11893009469
Altuğ Eczanesi,39.9880346,32.8661388,11893009869
Fatih Eczanesi,39.9901378,32.8663616,11893009969
Derman Eczanesi,39.9357674,32.86392,11898140270
Öktem Eczanesi,39.9334888,32.8656813,11898142269
Atanur Eczanesi,39.9322294,32.8657259,11898142469
Dora Eczanesi,39.9333034,32.8673245,11898143069
Selda Eczanesi,39.9256613,32.8974956,11900191969
Güneş Eczanesi,39.9152817,32.9033315,11900192869
Çiçek Eczanesi,39.9143261,32.9041575,11900197169
Öz Özlem Eczanesi,39.919426,32.901179,11900200269
Soydan Eczanesi,39.8956918,32.8111054,11903072369
Sevinç Eczanesi,39.8956452,32.8168393,11903072869
Gökbala Eczanesi,39.8948589,32.8170562,11903072870
Müge Eczanesi,39.8987087,32.8186182,11903073269
Elifin Eczanesi,39.8801281,32.8385932,11909068969
Arzum Eczanesi,39.8809722,32.8389407,11909069169
Tural Eczanesi,39.9001037,32.8492533,11918453969
Yeni Buket Eczanesi,39.8976447,32.8507306,11918456569
Zengin Eczanesi,39.9703839,32.6589196,11919171470
Bahçen Eryaman Eczanesi,39.9694106,32.6527935,11919171869
Karanfil Eczanesi,39.9717965,32.730266,11924628870
Filizsu Eczanesi,39.9672383,32.7226346,11924641869
Batıkent Metro Eczanesi,39.9681273,32.7259601,11924641969
Kağan Eczanesi,39.9697328,32.7249073,11924641970
Asrın Eczanesi,39.9655017,32.72975,11924642069
Büyük Merkez Eczanesi,39.9764546,32.7271072,11924642169
Vera Eczanesi,39.9581213,32.7096973,11929943869
Susam Eczanesi,39.9557984,32.707411,11929943870
Ergazi Eczanesi,39.953542,32.712805,11929944969
Yurtseven Fatih Eczanesi,39.9678025,32.7905369,11932945769
Önder Eczanesi,39.9673416,32.7922325,11932945770
Doğan Eczanesi,39.9683742,32.7898621,11932945771
Yayla Eczanesi,39.9668324,32.7895155,11932948569
Nur Furkan Eczanesi,39.9667279,32.7888837,11932948570
Zeka Eczanesi,39.9807263,32.7252288,11934199169
Yolcu Eczanesi,39.9830555,32.7767293,11934199170
Yıldız Eczanesi,39.9787364,32.7795844,11934200669
Güven Eczanesi,39.9799412,32.7788718,11934200969
İclal Eczanesi,39.9826958,32.7769849,11934200970
Sibel Çam Eczanesi,39.9828383,32.7768609,11934200971
Mavi Gelincik Eczanesi,39.9829216,32.7768217,11934204669
Çınar Eczanesi,39.9829876,32.7767914,11934204769
Fulya Eczanesi,39.9651456,32.8890604,11936232471
Ayder Eczanesi,39.959848,32.8853422,11936240769
Büyük Ankara Eczanesi,39.9599642,32.8850442,11936241169
Yurtseven Eczanesi,39.9617709,32.8810521,11936241769
Bora İpek Eczanesi,39.8888671,32.8245247,11941201569
İbrahim Ethem Eczanesi,39.8909672,32.8191088,11941201570
Çakıl Eczanesi,39.956222,32.8702052,11944021369
Alpin Eczanesi,39.9550926,32.8654001,11944021370
Hap Şurup Eczanesi,39.9537546,32.865642,11944022969
Erkin Eczanesi,39.9556365,32.8649304,11944024969
Kerimoğlu Eczanesi,39.9557635,32.8645536,11944025469
Mevki Eczanesi,39.9527566,32.8592938,11944025470
Ömer Ersöz Eczanesi,39.952594,32.8600979,11944027169
Vitrin Eczanesi,39.8648259,32.7106121,11950002873
Yenikent Eczanesi,39.9217706,32.914217,11951434869
Nesrin Eczanesi,39.9228474,32.9178466,11951435469
Çağın Eczanesi,39.933491,32.8601279,11953126972
Üner Eczanesi,39.9340738,32.8634241,11953126973
Erdoğan Eczanesi,39.9335198,32.8601909,11953128370
29 Mayıs Eczanesi,39.9338559,32.8608849,11953128371
Umar Eczanesi,39.9341993,32.8632119,11953128372
Hacettepe Yeşil Eczanesi,39.9355077,32.8588261,11953130569
Yeni Kerem Eczanesi,39.9271078,32.857299,11964242069
Sabuncuoğlu Eczanesi,39.9263607,32.8581981,11964243469
Yeni Bayramoğlu Eczanesi,39.9266321,32.8588508,11964244069
Çağatay Eczanesi,39.8918683,32.886313,11971260670
Ataselin Eczanesi,39.8879574,32.8886993,11971260671
Lal Eczanesi,39.8916474,32.8857466,11971261969
Lavanta Eczanesi,39.9996353,32.8836075,11982519769
Aktepe Suna Eczanesi,39.9987721,32.8839676,11982519869
Şan Eczanesi,39.999092,32.8839563,11982520069
Eczanem Eczanesi,39.9992466,32.8839664,11982521569
Hatıra Eczanesi,39.9199907,32.850778,11984872969
Yağmur Eczanesi,39.919814,32.8512347,11984873169
Coşkun Eczanesi,39.9198654,32.8510782,11984873469
Kumrular Eczanesi,39.9196439,32.8515777,11984876169
Bora Eczanesi,39.9215229,32.8497128,11984876170
Karakoyunlu Eczanesi,39.9195948,32.8517516,11984877469
Yeni Yunus Emre Eczanesi,39.9216948,32.8498553,11984877470
Namık Kemal Eczanesi,39.9217825,32.8499522,11984877471
Avşaroğlu Eczanesi,39.971488,32.833623,11986906269
Muratlı Eczanesi,39.9065081,32.8640018,11989521269
Yılmaz Eczanesi,39.9068159,32.8696076,11989522969
Su Eczanesi,39.9858095,32.8755731,11993187570
Kızılpınarı Eczanesi,39.9825604,32.8749508,11993187571
Taksir Eczanesi,39.9877628,32.8756067,11993199970
Keçiören Eczanesi,39.987277,32.875113,11993200869
Yücesoy Eczanesi,39.9894689,32.8756388,11993202669
Cemile Gül Eczanesi,39.9117768,32.8715228,11998192269
Cihan Eczanesi,39.9109514,32.8709039,11998192669
Müjde Eczanesi,39.912046,32.8692815,11998192969
Seyranbağları Enes Eczanesi,39.9084236,32.8719487,11998212969
Sümerler Eczanesi,39.9147924,32.8638069,11998215169
Özge Eczanesi,39.9721006,32.8772192,12005574569
Altınpark Eczanesi,39.9704234,32.8765733,12005585669
Zek Eczanesi,39.9831784,32.6595639,12012659859
Ekici Eczane,40.0101645,32.899699,12033521992
Ünsal Eczanesi,39.898926,32.8536873,12037168469
Güvenlik Eczanesi,39.8995531,32.8533956,12037171869
Açelya Eczanesi,39.9587051,32.7553817,12039307770
Ali Fuat Eczanesi,39.9469339,32.7628483,12039311669
Çoruk Eczanesi,39.9688011,32.7879507,12045068969
Selin Aksu Eczanesi,39.8600881,32.8560279,12097641902
Cihangir Eczanesi,39.8607568,32.8571658,12097643001
Ece Yağmur Eczanesi,39.8602478,32.8562522,12097644601
Yeni Aysun Eczanesi,40.0076748,32.857688,12100319401
Frezya Eczanesi,39.9141693,32.9471976,12101945501
Doğa Eczanesi,39.9542562,32.7274524,12104663301
Nesil Eczanesi,39.9543047,32.7273018,12104664301
Dizdar Eczanesi,39.9550229,32.7297054,12104664302
Aysel Eczanesi,39.9552634,32.7299839,12104668901
Girişim Eczanesi,39.9607315,32.7248573,12104668902
Sami Yusuf Eczanesi,39.9730786,32.9026342,12109765702
Demir Eczanesi,39.9730831,32.9015447,12109770402
Doğantepe Eczanesi,39.9719966,32.9076323,12109783701
Gül Eczanesi,39.9087843,32.8646041,12149699901
Beste Eczanesi,39.9074167,32.8660533,12149701301
Bilir Eczanesi,39.9062426,32.8666328,12149701302
Gerçek Eczanesi,39.9056715,32.8677829,12149703701
Öykü Eczanesi,39.9093204,32.8639727,12149705601
Nurdan Eczanesi,39.9096661,32.86351,12149707001
Eczane Pilül,39.8745695,32.8625542,12175135801
1923 Eczanesi,39.8610564,32.7119994,12178200402
Çakmak Eczanesi,39.88848,32.8264675,12192367101
Baykal Eczanesi,39.9599,32.7925999,12365644747
Diriliş Eczanesi,39.9774765,32.829551,12378364801
Hilal Taş Eczanesi,39.9773909,32.8294388,12378372501
Bilinmeyen Pharmacy,39.9057651,32.8601138,12390208287
Eda Nisa Eczanesi,39.9178734,32.8274078,12556343767
Yeni Vatan Eczanesi,39.9661202,32.7916559,12640711069
Batıport Eczanesi,39.9634066,32.7356151,12740094919
Adalet Eczanesi,39.9577137,32.7343989,12777133688
Merkez Eryaman Eczanesi,39.987915,32.6550321,12847400464
